Title,Body,Labels,Milestone,Assignee
"EPIC: Definição de requisitos (UX/UI + funcionais)","Levantar requisitos funcionais e não funcionais da plataforma gamificada para aluno, professor e gestor, incluindo necessidades de relatórios e restrições de uso em escolas públicas.","tipo:epic,area:plataforma,fase:planejamento","M1 - Requisitos e Planejamento (Jan–Mar/2023)",
"Levantamento de requisitos com professores e gestores","Realizar entrevistas e reuniões com professores, coordenadores e gestores de redes municipais para mapear dores, fluxos de avaliação e necessidades de engajamento dos alunos.","tipo:tarefa,area:pedagogico,fase:planejamento","M1 - Requisitos e Planejamento (Jan–Mar/2023)",
"EPIC: Design UX/UI da plataforma (aluno, professor, gestor)","Definir a arquitetura de navegação, wireframes e protótipos de baixa e média fidelidade para os perfis de aluno, professor e gestor.","tipo:epic,area:plataforma,area:ux,fase:planejamento","M1 - Requisitos e Planejamento (Jan–Mar/2023)",
"Protótipos de telas principais","Produzir protótipos de telas para login, seleção de quizzes, tela de jogo gamificado, painel do professor e painel de gestor, alinhados às diretrizes de acessibilidade.","tipo:feature,area:ux,fase:planejamento","M1 - Requisitos e Planejamento (Jan–Mar/2023)",
"EPIC: Backlog e Storyboards / Casos de Uso","Transformar requisitos em histórias de usuário, casos de uso e storyboards que representem o fluxo completo de uso da plataforma gamificada.","tipo:epic,area:plataforma,fase:planejamento","M2 - Backlog e Arquitetura (Fev–Dez/2023)",
"Modelagem dos casos de uso principais","Documentar casos de uso para criação de quiz, participação do aluno, acompanhamento pelo professor e geração de relatórios gerenciais.","tipo:documentação,area:plataforma,fase:planejamento","M2 - Backlog e Arquitetura (Fev–Dez/2023)",
"EPIC: Arquitetura técnica e infraestrutura","Definir arquitetura da aplicação web mobile, camadas de serviço, banco de dados e infraestrutura em nuvem alinhada ao uso de dados para relatórios e machine learning.","tipo:epic,area:infra,fase:planejamento","M2 - Backlog e Arquitetura (Fev–Dez/2023)",
"Configuração inicial da infraestrutura em nuvem","Configurar servidor em nuvem (ex: AWS) para ambiente de desenvolvimento e testes da plataforma.","tipo:tarefa,area:infra,fase:implementacao","M2 - Backlog e Arquitetura (Fev–Dez/2023)",
"EPIC: Motor de gamificação (quizzes, pontos, avatar, recompensas)","Implementar o núcleo de gamificação com quizzes, pontuação, níveis, avatar do aluno e sistema básico de recompensas para engajar o estudante.","tipo:epic,area:gamificacao,fase:implementacao","M3 - MVP Gamificado (Ago/2023)",
"Implementação do módulo de quizzes","Desenvolver CRUD de quizzes, perguntas e alternativas, incluindo parametrização de dificuldade e conteúdos alinhados à base curricular.","tipo:feature,area:gamificacao,fase:implementacao","M3 - MVP Gamificado (Ago/2023)",
"Implementação do sistema de pontos e níveis","Implementar o cálculo de pontuação, níveis e feedback imediato ao aluno após cada desafio resolvido.","tipo:feature,area:gamificacao,fase:implementacao","M3 - MVP Gamificado (Ago/2023)",
"EPIC: Módulo de publicação de desafios","Permitir que professores criem, publiquem e agendem desafios/quiz para suas turmas, com visibilidade no painel do aluno.","tipo:epic,area:gamificacao,fase:implementacao","M4 - Versão 1 – Quiz Básico (Out/2023)",
"Ferramenta de criação e publicação de desafios","Desenvolver interface para o professor criar quizzes, associar a turmas e publicar como desafios gamificados.","tipo:feature,area:gamificacao,fase:implementacao","M4 - Versão 1 – Quiz Básico (Out/2023)",
"EPIC: Relatórios gerenciais e diagnósticos","Implementar relatórios para professores e gestores com visão de desempenho por aluno, por turma e por conteúdo, apoiando avaliação diagnóstica.","tipo:epic,area:relatorios,fase:implementacao","M6 - Versão 3 – Relatórios Gerenciais (Mar/2024)",
"Implementação de relatórios para professores","Criar relatórios de desempenho individual e da turma, destacando lacunas de aprendizado por conteúdo e evolução ao longo do tempo.","tipo:feature,area:relatorios,fase:implementacao","M6 - Versão 3 – Relatórios Gerenciais (Mar/2024)",
"Implementação de relatórios para gestores","Desenvolver visão agregada para gestor escolar ou rede, com indicadores de uso da plataforma e desempenho por escola/turma.","tipo:feature,area:relatorios,fase:implementacao","M6 - Versão 3 – Relatórios Gerenciais (Mar/2024)",
"EPIC: Coleta e armazenamento de dados para ML","Garantir que os dados de interação dos alunos sejam coletados e armazenados de forma estruturada e anonimizada para futura aplicação de machine learning.","tipo:epic,area:ml,fase:implementacao","M5 - Versão 2 – Quiz + Publicação (Jan/2024)",
"Modelagem de dados para análise de aprendizagem","Definir esquema de banco de dados para armazenar respostas, tempos de resolução, dificuldade das questões e metadados de uso.","tipo:documentação,area:ml,fase:implementacao","M5 - Versão 2 – Quiz + Publicação (Jan/2024)",
"EPIC: Machine Learning (fase 1 – preparação)","Preparar base de dados, pipelines e primeiros experimentos para modelos de recomendação ou análise de padrões de aprendizagem, mesmo que em caráter exploratório.","tipo:epic,area:ml,fase:pesquisa","M8 - Testes, Piloto e Validação (Jun/2023–Mai/2024)",
"Experimentação inicial de modelos de ML","Executar experimentos exploratórios com dados coletados para identificar padrões básicos de acerto/erro e tempo de resposta por conteúdo.","tipo:tarefa,area:ml,fase:pesquisa","M8 - Testes, Piloto e Validação (Jun/2023–Mai/2024)",
"EPIC: Testes de usuários e piloto em escolas","Conduzir testes com alunos e professores em escolas municipais, coletando feedback sobre usabilidade, engajamento e aderência à realidade da sala de aula.","tipo:epic,area:plataforma,area:pedagogico,fase:validacao","M8 - Testes, Piloto e Validação (Jun/2023–Mai/2024)",
"Execução do piloto em Vitória da Conquista","Implementar a plataforma em escolas selecionadas no município de Vitória da Conquista, acompanhando uso e resolvendo problemas operacionais.","tipo:tarefa,area:plataforma,area:pedagogico,fase:validacao","M8 - Testes, Piloto e Validação (Jun/2023–Mai/2024)",
"Coleta e análise de feedback de professores e alunos","Aplicar questionários e entrevistas para avaliar a percepção de valor, dificuldades de uso e sugestões de melhoria.","tipo:tarefa,area:pedagogico,fase:validacao","M8 - Testes, Piloto e Validação (Jun/2023–Mai/2024)",
"EPIC: Capacitação de professores","Desenvolver e aplicar um plano de formação para capacitar professores no uso da plataforma gamificada e na interpretação dos relatórios.","tipo:epic,area:pedagogico,fase:implementacao","M8 - Testes, Piloto e Validação (Jun/2023–Mai/2024)",
"Elaboração de materiais de formação","Criar tutoriais, guias rápidos e vídeos demonstrativos para apoiar a adoção da plataforma pelos docentes.","tipo:documentação,area:pedagogico,fase:implementacao","M8 - Testes, Piloto e Validação (Jun/2023–Mai/2024)",
"Oficinas de capacitação com professores","Realizar encontros síncronos (presenciais ou online) para demonstrar a plataforma e orientar quanto ao uso em sala de aula e fora dela.","tipo:tarefa,area:pedagogico,fase:implementacao","M8 - Testes, Piloto e Validação (Jun/2023–Mai/2024)",
"EPIC: Versão Final – Aplicação Web Mobile","Consolidar todas as funcionalidades planejadas para a versão final da aplicação, corrigindo bugs, refinando UX e preparando ambiente para escala.","tipo:epic,area:plataforma,fase:implementacao","M7 - Versão Final – Web Mobile (Abr/2024)",
"Hardening e correção de bugs críticos","Tratar problemas de performance, segurança e estabilidade identificados durante o piloto e testes de carga.","tipo:tarefa,area:plataforma,fase:implementacao","M7 - Versão Final – Web Mobile (Abr/2024)"
